workers,total_time
1,1057.12992978096
2,567.6357984542847
4,399.6009018421173
8,340.09861731529236
16,321.4487102031708
32,309.9038462638855
64,311.21133041381836
