workers,total_time
1,1968.3047862052917
2,1062.317207813263
4,457.26100993156433
8,431.6699001789093
16,425.24073672294617
32,413.9730212688446
64,429.8880527019501
