workers,total_time
1,595.7850680351257
2,594.8080506324768
4,338.27469205856323
8,175.30262732505798
16,176.1546528339386
32,173.53204226493835
64,186.17660188674927
