workers,total_time
1,833.0864021778107
2,539.0192813873291
4,426.4120845794678
8,271.1647071838379
16,287.1681306362152
32,261.6415276527405
64,280.31128668785095
