workers,total_time
1,1335.4442946910858
2,2123.893346309662
4,655.2097918987274
8,426.03638553619385
16,388.1639301776886
32,390.28180384635925
64,417.2038893699646
