workers,total_time
1,784.0898013114929
2,503.5420386791229
4,339.69572734832764
8,310.3082776069641
16,310.7903594970703
32,275.41716408729553
64,270.33122730255127
